 omer_id,customer_name,reg_date
1,Dr. Michael Saunders,24-06-2025
2,Russell Richardson,20-04-2025
3,Tasha George,03-08-2022
4,Dr. Brandy Smith,08-08-2022
5,Kayla Cook,08-10-2024
6,Michaela Morris,09-10-2023
7,Jerome Porter,15-07-2023
8,Kimberly Ibarra,10-05-2024
9,Cheyenne Lyons,21-01-2023
10,Teresa Smith,06-02-2024
11,Alex Chambers,20-01-2024
12,Ruth Brown,15-10-2024
13,Eric Wu,06-08-2022
14,Cheryl Wright,05-09-2022
15,Lynn Barton,23-04-2025
16,Paige Cruz,30-05-2024
17,Christine Guzman,04-04-2024
18,Joseph Mendez,06-09-2022
19,Caleb Hughes,09-11-2022
20,Carl Williams,17-11-2023
21,Nicole Wells,09-10-2023
22,Paul Vaughan,22-10-2023
23,Kathy Perez,30-05-2023
24,Jeremy Juarez,06-08-2023
25,Martha Cohen,23-01-2025
26,Victoria Holt,19-02-2024
27,Daniel Armstrong,31-05-2024
28,Eric Beltran,23-11-2022
29,Samantha Kelly,15-11-2024
30,Michelle Raymond,02-07-2025
31,Andrea Woodard,27-12-2022
32,Ashley Herrera,15-06-2024
33,Paul Brown,20-05-2024
34,Mr. Thomas Rivas,10-02-2025
35,Dennis Klein,11-07-2023
36,Jessica Hansen,08-02-2024
37,Eric Walsh,15-04-2023
38,David Hansen,10-09-2024
39,Kimberly Mathews,19-01-2024
40,Mark Gomez,31-10-2024
41,Haley Thornton,10-02-2024
42,Nicholas Walker,03-02-2023
43,Rodney Alexander,05-02-2025
44,Whitney Booker,29-10-2023
45,Charles Campbell,29-04-2023
46,Randall Jones,29-11-2024
47,Jennifer Perez,06-09-2024
48,Amy Clark,20-11-2023
49,Kimberly Swanson,29-07-2023
50,Cynthia Johnson,04-04-2025
51,Cassandra Barton,17-12-2022
52,Heidi Grimes,18-06-2023
53,Deanna May,24-07-2023
54,Elizabeth Rivera,03-10-2023
55,Samantha Spencer,10-08-2022
56,Jennifer Barajas,30-11-2024
57,Jennifer Carlson,18-03-2025
58,April Williams,01-09-2023
59,Shawn Thomas,22-11-2023
60,Madison Grant,26-11-2023
61,Eric Gibbs,14-08-2024
62,Erica Washington,30-09-2024
63,Sheryl Huff,09-09-2022
64,Chad Martinez,23-01-2024
65,Alejandro Ford,09-04-2025
66,Cristina Gutierrez,09-08-2023
67,Carol Buck,10-04-2025
68,Kevin Hernandez,18-01-2024
69,Johnny Moss,28-12-2022
70,Scott Snyder,09-12-2023
71,Mrs. Ebony Edwards DVM,20-05-2025
72,John Ford,25-05-2023
73,Stacey Blackburn,01-10-2024
74,Veronica Sanchez,12-04-2023
75,Melissa Wu DDS,10-08-2023
76,Richard Palmer,09-12-2023
77,Alex Roberts,11-01-2023
78,Joseph Hunt,04-01-2025
79,Allison Martin,07-06-2023
80,Paul Kennedy,04-04-2024
81,Micheal Rodriguez,02-06-2024
82,Autumn Ewing,12-10-2022
83,Brenda Valdez,09-01-2025
84,Brad Mullen,21-02-2024
85,Kimberly Hill,14-08-2024
86,Meghan Dean,31-03-2024
87,Joshua Peterson,17-10-2024
88,Vicki Wood,14-05-2025
89,William Reyes,23-09-2022
90,Rebecca Wilkinson,30-09-2024
91,Terry Barker,24-01-2024
92,Zachary Parrish,28-07-2022
93,Cory Anderson,13-06-2023
94,Sara Lopez,14-05-2025
95,Christopher Perry,19-03-2024
96,Chase Flores,23-10-2023
97,Angela Hall,17-05-2024
98,Dorothy Peterson,04-01-2023
99,Laurie Mitchell,26-02-2024
100,Holly Gonzalez,05-01-2023
101,Kathleen Frazier,21-08-2022
102,Edwin Collins,20-10-2023
103,Bethany Williams,17-09-2023
104,James Parker,11-01-2025
105,Robin Smith,03-09-2024
106,Margaret Summers,29-11-2024
107,Matthew Evans,29-10-2023
108,Jerry Boyd,04-05-2025
109,Mary Campbell,08-04-2025
110,Heather Macias,19-10-2024
111,Donna Harvey,30-03-2024
112,Joshua Pearson,27-08-2022
113,Nicole Wilson,04-10-2023
114,Jessica Martinez,17-12-2023
115,Michelle Daniels,08-10-2022
116,Briana Wilson,28-03-2024
117,Kimberly Phillips,07-03-2023
118,Ronald Smith,08-03-2024
119,Sandra Owens,15-11-2024
120,Grace Bishop,29-03-2025
121,Melissa Taylor,18-10-2022
122,Jennifer Michael,19-04-2023
123,Gary Peterson,22-06-2024
124,Adrian Blair,29-06-2023
125,Jonathan Johnson,25-09-2024
126,William Everett,04-03-2025
127,Martha Stevens,10-04-2025
128,Diana Ortiz,02-04-2025
129,Gary Nguyen,19-06-2023
130,Michelle Brown,20-10-2022
131,Anthony Joseph,11-01-2025
132,Mark Miranda,10-11-2022
133,Jennifer Payne,03-08-2023
134,Mr. Tim Webb Jr.,18-05-2024
135,Sarah Hill,06-12-2023
136,Matthew Marshall,18-06-2023
137,Stephanie Jackson,27-07-2024
138,Chad Vance,15-08-2023
139,Jessica Ramos,11-03-2025
140,Dr. Jessica Juarez DVM,30-05-2024
141,Jerry Miller,30-06-2023
142,Traci Gibson,10-11-2024
143,Jamie Alvarado,24-11-2024
144,Cassie Gutierrez,11-08-2023
145,John Ward,02-02-2025
146,Trevor Escobar,09-06-2024
147,Kenneth Shelton,14-02-2023
148,Michael Bonilla,13-01-2023
149,Kimberly Rogers,19-10-2023
150,Nicholas Kirk,14-05-2024
151,Drew Morgan,15-08-2023
152,Allison Nelson,09-07-2025
153,Linda Wilson,17-02-2025
154,Theresa Hull,08-06-2023
155,Jesse Smith,24-04-2023
